055;nero;black
154;ciliegia;cherry
017;blu navy;blue navy
111;ocra;ocher
018;bordeaux;bordeaux
615;military;military
055;nero;black
154;ciliegia;cherry
017;blu navy;blue navy
111;ocra;ocher
018;bordeaux;bordeaux
055;nero;black
154;ciliegia;cherry
017;blu navy;blue navy
111;ocra;ocher
018;bordeaux;bordeaux
615;military;military
055;nero;black
154;ciliegia;cherry
017;blu navy;blue navy
111;ocra;ocher
018;bordeaux;bordeaux
615;military;military
055;nero;black
154;ciliegia;cherry
017;blu navy;blue navy
111;ocra;ocher
018;bordeaux;bordeaux
615;military;military
055;nero;black
154;ciliegia;cherry
017;blu navy;blue navy
111;ocra;ocher
018;bordeaux;bordeaux
615;military;military
055;nero;black
154;ciliegia;cherry
017;blu navy;blue navy
111;ocra;ocher
018;bordeaux;bordeaux
615;military;military
055;nero;black
154;ciliegia;cherry
017;blu navy;blue navy
111;ocra;ocher
018;bordeaux;bordeaux
055;nero;black
154;ciliegia;cherry
017;blu navy;blue navy
111;ocra;ocher
018;bordeaux;bordeaux
615;military;military
055;nero;black
154;ciliegia;cherry
017;blu navy;blue navy
111;ocra;ocher
018;bordeaux;bordeaux
615;military;military
055;nero;black
154;ciliegia;cherry
017;blu navy;blue navy
111;ocra;ocher
018;bordeaux;bordeaux
615;military;military
055;nero;black
615;military;military
017;blu navy;blue navy
038;grafite;graphite
055;nero;black
615;military;military
017;blu navy;blue navy
038;grafite;graphite
055;nero;black
026;cobalto;cobalt
017;blu navy;blue navy
038;grafite;graphite
055;nero;black
154;ciliegia;cherry
017;blu navy;blue navy
111;ocra;ocher
018;bordeaux;bordeaux
615;military;military
026;cobalto;cobalt
038;grafite;graphite
018;bordeaux;bordeaux
055;nero;black
154;ciliegia;cherry
017;blu navy;blue navy
111;ocra;ocher
615;military;military
026;cobalto;cobalt
038;grafite;graphite
055;nero;black
154;ciliegia;cherry
017;blu navy;blue navy
111;ocra;ocher
018;bordeaux;bordeaux
615;military;military
026;cobalto;cobalt
038;grafite;graphite
055;nero;black
154;ciliegia;cherry
017;blu navy;blue navy
111;ocra;ocher
018;bordeaux;bordeaux
615;military;military
026;cobalto;cobalt
038;grafite;graphite
055;nero;black
008;bianco;white
055;nero;black
017;blu navy;blue navy
018;bordeaux;bordeaux
055;nero;black
154;ciliegia;cherry
017;blu navy;blue navy
111;ocra;ocher
018;bordeaux;bordeaux
615;military;military
026;cobalto;cobalt
038;grafite;graphite
055;nero;black
008;bianco;white
055;nero;black
017;blu navy;blue navy
018;bordeaux;bordeaux
055;nero;black
018;bordeaux;bordeaux
615;military;military
055;nero;black
154;ciliegia;cherry
017;blu navy;blue navy
111;ocra;ocher
018;bordeaux;bordeaux
615;military;military
026;cobalto;cobalt
038;grafite;graphite
055;nero;black
154;ciliegia;cherry
017;blu navy;blue navy
111;ocra;ocher
018;bordeaux;bordeaux
615;military;military
026;cobalto;cobalt
038;grafite;graphite
055;nero;black
154;ciliegia;cherry
017;blu navy;blue navy
111;ocra;ocher
018;bordeaux;bordeaux
615;military;military
026;cobalto;cobalt
038;grafite;graphite
055;nero;black
154;ciliegia;cherry
017;blu navy;blue navy
111;ocra;ocher
018;bordeaux;bordeaux
615;military;military
026;cobalto;cobalt
038;grafite;graphite
055;nero;black
154;ciliegia;cherry
017;blu navy;blue navy
111;ocra;ocher
018;bordeaux;bordeaux
615;military;military
026;cobalto;cobalt
038;grafite;graphite
004;argento;silver
055;nero;black
111;ocra;ocher
017;blu navy;blue navy
026;cobalto;cobalt
154;ciliegia;cherry
018;bordeaux;bordeaux
038;grafite;graphite
615;military;military
038;grafite;graphite
615;military;military
055;nero;black
111;ocra;ocher
017;blu navy;blue navy
026;cobalto;cobalt
154;ciliegia;cherry
018;bordeaux;bordeaux
055;nero;black
111;ocra;ocher
017;blu navy;blue navy
026;cobalto;cobalt
154;ciliegia;cherry
018;bordeaux;bordeaux
038;grafite;graphite
615;military;military
