371;latte;milk
017;blu navy;navy blue
078;sabbia;sand
071;roccia;rock
055;nero;black
371;latte;milk
017;blu navy;navy blue
078;sabbia;sand
071;roccia;rock
055;nero;black
017;blu navy;navy blue
055;nero;black
078;sabbia;sand
371;latte;milk
071;roccia;rock
017;blu navy;navy blue
055;nero;black
071;roccia;rock
371;latte;milk
371;latte;milk
017;blu navy;navy blue
055;nero;black
078;sabbia;sand
055;nero;black
071;roccia;rock
371;latte;milk
017;blu navy;navy blue
078;sabbia;sand
055;nero;black
371;latte;milk
017;blu navy;navy blue
371;latte;milk
017;blu navy;navy blue
055;nero;black
078;sabbia;sand
371;latte;milk
055;nero;black
017;blu navy;navy blue
078;sabbia;sand
371;latte;milk
055;nero;black
028;ecru;ecru
008;bianco;white
008;bianco;white
039;grigio;grey
055;nero;black
009;blu;blue
086;tortora;dove-grey
055;nero;black
084;testa di moro;dark brown
084;testa di moro;dark brown
054;naturale;natural
008;bianco;white
055;nero;black
084;testa di moro;dark brown
054;naturale;natural
055;nero;black
009;blu;blue
028;ecru;ecru
008;bianco;white
039;grigio;grey
009;blu;blue
055;nero;black
084;testa di moro;dark brown
008;bianco;white
055;nero;black
086;tortora;dove-grey
084;testa di moro;dark brown
054;naturale;natural
008;bianco;white
055;nero;black
084;testa di moro;dark brown
054;naturale;natural
055;nero;black
009;blu;blue
055;nero;black
055;vernice nero;patent black
004;argento;silver
061;oro;gold
348;ottone invecchiato;aged brass
004;argento;silver
008;bianco;white
054;naturale;natural
055;nero;black
008;bianco;white
055;nero;black
054;naturale;natural
084;testa di moro;dark brown
008;bianco;white
055;nero;black
054;naturale;natural
084;testa di moro;dark brown
054;naturale;natural
084;testa di moro;dark brown
055;nero;black
055;nero;black
084;testa di moro;dark brown
055;vernice nero + oro;patent black + gold
084;testa di moro + ottone;dark brown + aged brass
055;nero + argento;black + silver
054;naturale + oro;natural + gold
055;vernice nero + oro;patent black + gold
055;nero + argento;black + silver
084;testa di moro + ottone;dark brown + aged brass
055;nero;black
017;blu navy;navy blue
071;roccia;rock
017;blu navy;navy blue
078;sabbia;sand
055;nero;black
008;bianco;white
055;nero;black
039;grigio;grey
054;naturale;natural
009;blu;blue
008;bianco;white
055;nero;black
054;naturale;natural
009;blu;blue
055;nero;black
008;bianco;white
078;sabbia;sand
055;nero;black
008;bianco;white
078;sabbia;sand
054;naturale;natural
055;nero;black
008;bianco;white
055;nero;black
054;naturale;natural
054;naturale;natural
008;bianco;white
055;nero;black
078;sabbia;sand
371;latte;milk
017;blu navy;navy blue
055;nero;black
017;blu navy;navy blue
055;nero;black
055;nero;black
054;naturale;natural
008;bianco;white
071;roccia;rock
063;ottanio;teal
059;oceano;ocean
041;grigio scuro;dark grey
044;lime;lime
086;tortora;dove-grey
055;nero;black
183;viola;violet
004;argento;silver
004;argento;silver
020;bronzo;bronze
061;oro;gold
061;oro;gold
004;argento;silver
186;bianco mix;white mix
059;oceano;ocean
055;nero;black
077;rubino;ocean
086;tortora;dove-grey
014;blu elettrico;electric blue
039;grigio;grey
061;oro;gold
004;argento;silver
008;bianco;white
055;nero;black
013;blu capri;capri blue
004;argento;silver
041;grigio scuro;dark grey
008;bianco;white
133;grigio chiaro;light grey
071;roccia;rock
059;oceano;ocean
041;grigio scuro;dark grey
055;nero;black
086;tortora;dove-grey
004;argento;silver
055;nero;black
008;bianco;white
020;bronzo;bronze
039;grigio;great
009;blu;blue
055;nero;black
055;nero;black
008;bianco;white
039;grigio;great
009;blu;blue
055;nero;black
008;bianco;white
071;roccia;rock
059;oceano;ocean
041;grigio scuro;dark grey
055;nero;black
143;neve;snow white
059;oceano;ocean
086;tortora;dove-grey
071;roccia;rock
055;nero;black
143;neve;snow white
059;oceano;ocean
086;tortora;dove-grey
071;roccia;rock
055;nero;black
055;nero;black
006;avorio;ivory
017;blu navy;navy blue
071;roccia;rock
055;nero;black
371;latte;milk
