CodeBarre;OBAGB036-EVS00-055;p004-1-01;nero;black;O bag 4 SEASONS | ss ‘18; scocca O bag twist EVA
CodeBarre;OBAGB036-EVS00-486;p004-1-02;pink;pink;O bag 4 SEASONS | ss ‘18; scocca O bag twist EVA
CodeBarre;OBAGB036-EVS00-371;p004-1-03;latte;milk;O bag 4 SEASONS | ss ‘18; scocca O bag twist EVA
CodeBarre;OBAGB036-EVS00-484;p004-1-04;coral;coral;O bag 4 SEASONS | ss ‘18; scocca O bag twist EVA
CodeBarre;OBAGB036-EVS00-479;p004-1-05;skyway;skyway;O bag 4 SEASONS | ss ‘18; scocca O bag twist EVA
CodeBarre;OBAGB036-EVS00-347;p004-1-06;cedro;cedro;O bag 4 SEASONS | ss ‘18; scocca O bag twist EVA
CodeBarre;OBAGB036-EVS00-026;p004-1-07;cobalto;cobalt blue;O bag 4 SEASONS | ss ‘18; scocca O bag twist EVA
CodeBarre;OBAGB036-EVS00-422;p004-1-08;sangria;sangria;O bag 4 SEASONS | ss ‘18; scocca O bag twist EVA
CodeBarre;OBAGB036-EVS00-139;p004-1-09;mela;apple;O bag 4 SEASONS | ss ‘18; scocca O bag twist EVA
CodeBarre;OBAGB036-EVS00-001;p004-1-10;acqua;aqua;O bag 4 SEASONS | ss ‘18; scocca O bag twist EVA
CodeBarre;OBAGB037-EVS00-055;p005-1-01;nero;black;O bag 4 SEASONS | ss ‘18; scocca O bag twist mini EVA
CodeBarre;OBAGB037-EVS00-486;p005-1-02;pink;pink;O bag 4 SEASONS | ss ‘18; scocca O bag twist mini EVA
CodeBarre;OBAGB037-EVS00-371;p005-1-03;latte;milk;O bag 4 SEASONS | ss ‘18; scocca O bag twist mini EVA
CodeBarre;OBAGB037-EVS00-484;p005-1-04;coral;coral;O bag 4 SEASONS | ss ‘18; scocca O bag twist mini EVA
CodeBarre;OBAGB037-EVS00-479;p005-1-05;skyway;skyway;O bag 4 SEASONS | ss ‘18; scocca O bag twist mini EVA
CodeBarre;OBAGB037-EVS00-347;p005-1-06;cedro;cedro;O bag 4 SEASONS | ss ‘18; scocca O bag twist mini EVA
CodeBarre;OBAGB037-EVS00-026;p005-1-07;cobalto;cobalt blue;O bag 4 SEASONS | ss ‘18; scocca O bag twist mini EVA
CodeBarre;OBAGB037-EVS00-422;p005-1-08;sangria;sangria;O bag 4 SEASONS | ss ‘18; scocca O bag twist mini EVA
CodeBarre;OBAGB037-EVS00-017;p005-1-09;blu navy;navy blue;O bag 4 SEASONS | ss ‘18; scocca O bag twist mini EVA
CodeBarre;OBAGB037-EVS00-076;p005-1-10;rosso;red;O bag 4 SEASONS | ss ‘18; scocca O bag twist mini EVA
CodeBarre;OBAGB038-EVS00-055;p006-1-01;nero;black;O bag 4 SEASONS | ss ‘18; scocca O bag sand EVA
CodeBarre;OBAGB038-EVS00-017;p006-1-02;blu navy;navy blue;O bag 4 SEASONS | ss ‘18; scocca O bag sand EVA
CodeBarre;OBAGB038-EVS00-371;p006-1-03;latte;milk;O bag 4 SEASONS | ss ‘18; scocca O bag sand EVA
CodeBarre;OBAGB038-EVS00-484;p006-1-04;coral;coral;O bag 4 SEASONS | ss ‘18; scocca O bag sand EVA
CodeBarre;OBAGB038-EVS00-479;p006-1-05;skyway;skyway;O bag 4 SEASONS | ss ‘18; scocca O bag sand EVA
CodeBarre;OBAGB038-EVS00-347;p006-1-06;cedro;cedro;O bag 4 SEASONS | ss ‘18; scocca O bag sand EVA
CodeBarre;OBAGB038-EVS00-485;p006-1-07;atlantic;atlantic;O bag 4 SEASONS | ss ‘18; scocca O bag sand EVA
CodeBarre;OBAGB038-EVS00-422;p006-1-08;sangria;sangria;O bag 4 SEASONS | ss ‘18; scocca O bag sand EVA
CodeBarre;OBAGB038-EVS00-486;p006-1-09;pink;pink;O bag 4 SEASONS | ss ‘18; scocca O bag sand EVA
CodeBarre;HLESG000-ROS10-055;p010-1-01;nero;black;O bag 4 SEASONS | ss ‘18; manico lungo corda cotone
CodeBarre;HLESG000-ROS10-486;p010-1-02;pink;pink;O bag 4 SEASONS | ss ‘18; manico lungo corda cotone
CodeBarre;HLESG000-ROS10-371;p010-1-03;latte;milk;O bag 4 SEASONS | ss ‘18; manico lungo corda cotone
CodeBarre;HLESG000-ROS10-484;p010-1-04;coral;coral;O bag 4 SEASONS | ss ‘18; manico lungo corda cotone
CodeBarre;HLESG000-ROS10-479;p010-1-05;skyway;skyway;O bag 4 SEASONS | ss ‘18; manico lungo corda cotone
CodeBarre;HLESG000-ROS10-347;p010-1-06;cedro;cedro;O bag 4 SEASONS | ss ‘18; manico lungo corda cotone
CodeBarre;HLESG000-ROS10-026;p010-1-07;cobalto;cobalt blue;O bag 4 SEASONS | ss ‘18; manico lungo corda cotone
CodeBarre;HLESG000-ROS10-422;p010-1-08;sangria;sangria;O bag 4 SEASONS | ss ‘18; manico lungo corda cotone
CodeBarre;HLESG000-ROS10-017;p010-1-09;blu navy;navy blue;O bag 4 SEASONS | ss ‘18; manico lungo corda cotone
CodeBarre;HLESU200-TESP5-017;p011-1-01;blu navy;navy blue;O bag 4 SEASONS | ss ‘18; manico foulard goccia
CodeBarre;HLESU200-TESP6-422;p011-2-01;sangria;sangria;O bag 4 SEASONS | ss ‘18; manico foulard goccia
CodeBarre;HLESU200-TESP7-125;p012-1-01;multicolor;multicolor;O bag 4 SEASONS | ss ‘18; manico foulard goccia
CodeBarre;HLESU200-TESP8-055;p012-2-01;nero;black;O bag 4 SEASONS | ss ‘18; manico foulard goccia
CodeBarre;HLESU200-TESQ7-125;p013-1-01;multicolor;multicolor;O bag 4 SEASONS | ss ‘18; manico foulard goccia
CodeBarre;HLESGC00-PLS00-055;p014-1-01;nero;black;O bag 4 SEASONS | ss ‘18; manico corto plexiglass +
CodeBarre;HLESGC00-PLS00-017;p014-1-02;blu navy;navy blue;O bag 4 SEASONS | ss ‘18; manico corto plexiglass +
CodeBarre;HLESGC00-PLS00-371;p014-1-03;latte;milk;O bag 4 SEASONS | ss ‘18; manico corto plexiglass +
CodeBarre;HLESGC00-PLS00-484;p014-1-04;coral;coral;O bag 4 SEASONS | ss ‘18; manico corto plexiglass +
CodeBarre;HLESGC00-PLS00-479;p014-1-05;skyway;skyway;O bag 4 SEASONS | ss ‘18; manico corto plexiglass +
CodeBarre;HLESGC00-PLS00-347;p014-1-06;cedro;cedro;O bag 4 SEASONS | ss ‘18; manico corto plexiglass +
CodeBarre;HLESGC00-PLS00-485;p014-1-07;atlantic;atlantic;O bag 4 SEASONS | ss ‘18; manico corto plexiglass +
CodeBarre;HLESGC00-PLS00-486;p014-1-08;pink;pink;O bag 4 SEASONS | ss ‘18; manico corto plexiglass +
CodeBarre;HLESGC00-ROS10-055;p015-1-01;nero;black;O bag 4 SEASONS | ss ‘18; manico corto corda cotone
CodeBarre;HLESGC00-ROS10-486;p015-1-02;pink;pink;O bag 4 SEASONS | ss ‘18; manico corto corda cotone
CodeBarre;HLESGC00-ROS10-371;p015-1-03;latte;milk;O bag 4 SEASONS | ss ‘18; manico corto corda cotone
CodeBarre;HLESGC00-ROS10-484;p015-1-04;coral;coral;O bag 4 SEASONS | ss ‘18; manico corto corda cotone
CodeBarre;HLESGC00-ROS10-479;p015-1-05;skyway;skyway;O bag 4 SEASONS | ss ‘18; manico corto corda cotone
CodeBarre;HLESGC00-ROS10-347;p015-1-06;cedro;cedro;O bag 4 SEASONS | ss ‘18; manico corto corda cotone
CodeBarre;HLESGC00-ROS10-026;p015-1-07;cobalto;cobalt blue;O bag 4 SEASONS | ss ‘18; manico corto corda cotone
CodeBarre;HLESGC00-ROS10-422;p015-1-08;sangria;sangria;O bag 4 SEASONS | ss ‘18; manico corto corda cotone
CodeBarre;HLESGC00-ROS10-017;p015-1-09;blu navy;navy blue;O bag 4 SEASONS | ss ‘18; manico corto corda cotone
CodeBarre;OBAGS001-TESP5-017;p018-1-01;blu navy;navy blue;O bag 4 SEASONS | ss ‘18; sacca interna zip O bag
CodeBarre;OBAGS001-TESQ7-125;p018-2-01;multicolor;multicolor;O bag 4 SEASONS | ss ‘18; sacca interna zip O bag
CodeBarre;OBAGS001-TESP6-422;p019-1-01;sangria;sangria;O bag 4 SEASONS | ss ‘18; sacca interna zip O bag
CodeBarre;OBAGS001-TESP7-125;p019-2-01;multicolor;multicolor;O bag 4 SEASONS | ss ‘18; sacca interna zip O bag
CodeBarre;OBAGS001-TESQ1-486;p020-1-01;pink;pink;O bag 4 SEASONS | ss ‘18; sacca interna zip O bag
CodeBarre;OBAGS001-TESQ4-215;p020-2-01;crema;cream;O bag 4 SEASONS | ss ‘18; sacca interna zip O bag
CodeBarre;OBAGS002-TESP5-017;p021-1-01;blu navy;navy blue;O bag 4 SEASONS | ss ‘18; sacca interna zip O bag mini
CodeBarre;OBAGS002-TESQ7-125;p021-2-01;multicolor;multicolor;O bag 4 SEASONS | ss ‘18; sacca interna zip O bag mini
CodeBarre;OBAGS002-TESP7-125;p022-1-01;multicolor;multicolor;O bag 4 SEASONS | ss ‘18; sacca interna zip O bag mini
CodeBarre;OBAGS002-TESQ1-486;p022-2-01;pink;pink;O bag 4 SEASONS | ss ‘18; sacca interna zip O bag mini
CodeBarre;OBAGS002-TESQ4-215;p023-1-01;crema;cream;O bag 4 SEASONS | ss ‘18; sacca interna zip O bag mini
CodeBarre;OBAGS012-TES01-054;p024-1-01;naturale;natural;O bag 4 SEASONS | ss ‘18; sacca interna zip O bag
CodeBarre;OBAGS012-TES01-055;p024-1-02;nero;black;O bag 4 SEASONS | ss ‘18; sacca interna zip O bag
CodeBarre;OBAGS012-TESP6-422;p024-2-01;sangria;sangria;O bag 4 SEASONS | ss ‘18; sacca interna zip O bag
CodeBarre;OBAGS012-TESP7-125;p025-1-01;multicolor;multicolor;O bag 4 SEASONS | ss ‘18; sacca interna zip O bag
CodeBarre;OBAGS012-TESQ7-125;p025-2-01;multicolor;multicolor;O bag 4 SEASONS | ss ‘18; sacca interna zip O bag
CodeBarre;OBAGS112-MAS02-227;p026-1-01;bianco/nero;white/black;O bag 4 SEASONS | ss ‘18; sacca interna coulisse O bag
CodeBarre;OBAGS112-MAS02-233;p026-1-02;bluette/nero;bluette/black;O bag 4 SEASONS | ss ‘18; sacca interna coulisse O bag
CodeBarre;OBAGS112-MAS02-234;p026-1-03;mela/grigio;mela/grey;O bag 4 SEASONS | ss ‘18; sacca interna coulisse O bag
CodeBarre;OBAGS018-TES01-054;p027-1-01;naturale;natural;O bag 4 SEASONS | ss ‘18; sacca interna zip O bag
CodeBarre;OBAGS018-TES01-055;p027-1-02;nero;black;O bag 4 SEASONS | ss ‘18; sacca interna zip O bag
CodeBarre;OBAGS018-TESP5-017;p027-2-01;blu navy;navy blue;O bag 4 SEASONS | ss ‘18; sacca interna zip O bag
CodeBarre;OBAGS018-TESP6-422;p028-1-01;sangria;sangria;O bag 4 SEASONS | ss ‘18; sacca interna zip O bag
CodeBarre;OBAGS018-TESP7-125;p028-2-01;multicolor;multicolor;O bag 4 SEASONS | ss ‘18; sacca interna zip O bag
CodeBarre;OBAGS018-TESP8-055;p029-1-01;nero;black;O bag 4 SEASONS | ss ‘18; sacca interna zip O bag
CodeBarre;OBAGS118-MAS02-159;p029-2-01;total black;total black;O bag 4 SEASONS | ss ‘18; sacca interna coulisse O bag
CodeBarre;OBAGS118-MAS02-237;p029-2-02;arancione/nero;orange/black;O bag 4 SEASONS | ss ‘18; sacca interna coulisse O bag
CodeBarre;OBAGS118-MAS02-235;p029-2-03;giallo/grigio;yellow/grey;O bag 4 SEASONS | ss ‘18; sacca interna coulisse O bag
CodeBarre;OBAGS118-MAS02-236;p029-2-04;arancione/grigio;orange/grey;O bag 4 SEASONS | ss ‘18; sacca interna coulisse O bag
CodeBarre;OBAGS028-TES01-054;p030-1-01;naturale;natural;O bag 4 SEASONS | ss ‘18; sacca interna zip O bag
CodeBarre;OBAGS028-TES01-055;p030-1-02;nero;black;O bag 4 SEASONS | ss ‘18; sacca interna zip O bag
CodeBarre;OBAGS028-TESP5-017;p030-2-01;blu navy;navy blue;O bag 4 SEASONS | ss ‘18; sacca interna zip O bag
CodeBarre;OBAGS028-TESP7-125;p031-1-01;multicolor;multicolor;O bag 4 SEASONS | ss ‘18; sacca interna zip O bag
CodeBarre;OBAGS028-TESQ1-486;p031-2-01;pink;pink;O bag 4 SEASONS | ss ‘18; sacca interna zip O bag
CodeBarre;OBAGS028-TESQ4-215;p032-1-01;crema;cream;O bag 4 SEASONS | ss ‘18; sacca interna zip O bag
CodeBarre;OBAGS036-TES01-054;p033-1-01;naturale;natural;O bag 4 SEASONS | ss ‘18; sacca interna zip O bag twist
CodeBarre;OBAGS036-TES01-347;p033-1-02;cedro;cedro;O bag 4 SEASONS | ss ‘18; sacca interna zip O bag twist
CodeBarre;OBAGS036-TES01-008;p033-1-03;bianco;white;O bag 4 SEASONS | ss ‘18; sacca interna zip O bag twist
CodeBarre;OBAGS036-TES01-486;p033-1-04;pink;pink;O bag 4 SEASONS | ss ‘18; sacca interna zip O bag twist
CodeBarre;OBAGS036-TES01-055;p033-1-05;nero;black;O bag 4 SEASONS | ss ‘18; sacca interna zip O bag twist
CodeBarre;OBAGS036-TES01-484;p033-1-06;coral;coral;O bag 4 SEASONS | ss ‘18; sacca interna zip O bag twist
CodeBarre;OBAGS036-TES01-479;p033-1-07;skyway;skyway;O bag 4 SEASONS | ss ‘18; sacca interna zip O bag twist
CodeBarre;OBAGS036-TES01-026;p033-1-08;cobalto;cobalt blue;O bag 4 SEASONS | ss ‘18; sacca interna zip O bag twist
CodeBarre;OBAGS036-TES01-422;p033-1-09;sangria;sangria;O bag 4 SEASONS | ss ‘18; sacca interna zip O bag twist
CodeBarre;OBAGS036-TESP7-125;p034-1-01;multicolor;multicolor;O bag 4 SEASONS | ss ‘18; sacca interna zip O bag twist
CodeBarre;OBAGS036-TESP8-055;p034-2-01;nero;black;O bag 4 SEASONS | ss ‘18; sacca interna zip O bag twist
CodeBarre;OBAGS036-TESQ1-486;p035-1-01;pink;pink;O bag 4 SEASONS | ss ‘18; sacca interna zip O bag twist
CodeBarre;OBAGS036-TESQ7-125;p035-2-01;multicolor;multicolor;O bag 4 SEASONS | ss ‘18; sacca interna zip O bag twist
CodeBarre;OBAGS037-TES01-054;p036-1-01;naturale;natural;O bag 4 SEASONS | ss ‘18; sacca interna zip O bag twist
CodeBarre;OBAGS037-TES01-486;p036-1-02;pink;pink;O bag 4 SEASONS | ss ‘18; sacca interna zip O bag twist
CodeBarre;OBAGS037-TES01-008;p036-1-03;bianco;white;O bag 4 SEASONS | ss ‘18; sacca interna zip O bag twist
CodeBarre;OBAGS037-TES01-484;p036-1-04;coral;coral;O bag 4 SEASONS | ss ‘18; sacca interna zip O bag twist
CodeBarre;OBAGS037-TES01-055;p036-1-05;nero;black;O bag 4 SEASONS | ss ‘18; sacca interna zip O bag twist
CodeBarre;OBAGS037-TES01-479;p036-1-06;skyway;skyway;O bag 4 SEASONS | ss ‘18; sacca interna zip O bag twist
CodeBarre;OBAGS037-TES01-026;p036-1-07;cobalto;cobalt blue;O bag 4 SEASONS | ss ‘18; sacca interna zip O bag twist
CodeBarre;OBAGS037-TES01-076;p036-1-08;rosso;red;O bag 4 SEASONS | ss ‘18; sacca interna zip O bag twist
CodeBarre;OBAGS037-TES01-422;p036-1-09;sangria;sangria;O bag 4 SEASONS | ss ‘18; sacca interna zip O bag twist
CodeBarre;OBAGS037-TES01-017;p036-1-10;blu navy;navy blue;O bag 4 SEASONS | ss ‘18; sacca interna zip O bag twist
CodeBarre;OBAGS037-TESP6-422;p037-1-01;sangria;sangria;O bag 4 SEASONS | ss ‘18; sacca interna zip O bag twist
CodeBarre;OBAGS037-TESP7-125;p037-2-01;multicolor;multicolor;O bag 4 SEASONS | ss ‘18; sacca interna zip O bag twist
CodeBarre;OBAGS037-TESP8-055;p038-1-01;nero;black;O bag 4 SEASONS | ss ‘18; sacca interna zip O bag twist
CodeBarre;OBAGS037-TESQ4-215;p038-2-01;crema;cream;O bag 4 SEASONS | ss ‘18; sacca interna zip O bag twist
CodeBarre;OBAGS121-TESP6-422;p039-1-01;sangria;sangria;O bag 4 SEASONS | ss ‘18; sacca interna coulisse O
CodeBarre;OBAGS121-TESP8-055;p039-2-01;nero;black;O bag 4 SEASONS | ss ‘18; sacca interna coulisse O
CodeBarre;OBAGS121-TESQ1-486;p040-1-01;pink;pink;O bag 4 SEASONS | ss ‘18; sacca interna coulisse O
CodeBarre;OBAGS121-TESQ4-215;p040-2-01;crema;cream;O bag 4 SEASONS | ss ‘18; sacca interna coulisse O
CodeBarre;OBAGS121-TESP7-125;p041-1-01;multicolor;multicolor;O bag 4 SEASONS | ss ‘18; sacca interna coulisse O
CodeBarre;OBAGB439-EVS33-008;p044-1-01;bianco;white;O bag 4 SEASONS | ss ‘18; scocca completo O bag roll
CodeBarre;OBAGB439-EVS33-017;p044-1-02;blu navy;navy blue;O bag 4 SEASONS | ss ‘18; scocca completo O bag roll
CodeBarre;OBAGB439-EVS33-039;p044-1-03;grigio;grey;O bag 4 SEASONS | ss ‘18; scocca completo O bag roll
CodeBarre;OBAGB439-EVS33-076;p044-1-04;rosso;red;O bag 4 SEASONS | ss ‘18; scocca completo O bag roll
CodeBarre;OBAGB439-EVS33-055;p044-1-05;nero;black;O bag 4 SEASONS | ss ‘18; scocca completo O bag roll
CodeBarre;OBAGB439-EVS33-026;p044-1-06;cobalto;cobalt blue;O bag 4 SEASONS | ss ‘18; scocca completo O bag roll
CodeBarre;OBAGB439-EVS33-347;p044-1-07;cedro;cedro;O bag 4 SEASONS | ss ‘18; scocca completo O bag roll
CodeBarre;OBAGB413-TES20-484;p045-1-01;coral;coral;O bag 4 SEASONS | ss ‘18; scocca completo O bag soft
CodeBarre;OBAGB413-TES20-055;p045-1-02;nero;black;O bag 4 SEASONS | ss ‘18; scocca completo O bag soft
CodeBarre;OBAGB413-TES20-008;p045-1-03;bianco;white;O bag 4 SEASONS | ss ‘18; scocca completo O bag soft
CodeBarre;OBAGB413-TES20-041;p045-1-04;grigio scuro;dark grey;O bag 4 SEASONS | ss ‘18; scocca completo O bag soft
CodeBarre;OBAGB413-TES20-347;p045-1-05;cedro;cedro;O bag 4 SEASONS | ss ‘18; scocca completo O bag soft
CodeBarre;OBAGB413-TES20-078;p045-1-06;sabbia;sand;O bag 4 SEASONS | ss ‘18; scocca completo O bag soft
CodeBarre;OBAGB413-TES20-485;p045-1-07;atlantic;atlantic;O bag 4 SEASONS | ss ‘18; scocca completo O bag soft
CodeBarre;OBAGB413-TES20-026;p045-1-08;cobalto;cobalt blue;O bag 4 SEASONS | ss ‘18; scocca completo O bag soft
CodeBarre;OBAGS438-TES01-054;p048-1-01;naturale;natural;O bag 4 SEASONS | ss ‘18; pouch zip O bag sand
CodeBarre;OBAGS438-TES01-008;p048-1-02;bianco;white;O bag 4 SEASONS | ss ‘18; pouch zip O bag sand
CodeBarre;OBAGS438-TES01-055;p048-1-03;nero;black;O bag 4 SEASONS | ss ‘18; pouch zip O bag sand
CodeBarre;OBAGS438-TESP6-422;p048-2-01;sangria;sangria;O bag 4 SEASONS | ss ‘18; pouch zip O bag sand
CodeBarre;OBAGS438-TESP7-125;p049-1-01;multicolor;multicolor;O bag 4 SEASONS | ss ‘18; pouch zip O bag sand
CodeBarre;OBAGS438-TESP8-055;p049-2-01;nero;black;O bag 4 SEASONS | ss ‘18; pouch zip O bag sand
CodeBarre;OBAGS438-TESQ1-486;p050-1-01;pink;pink;O bag 4 SEASONS | ss ‘18; pouch zip O bag sand
CodeBarre;OBAGS438-TESQ7-125;p050-2-01;multicolor;multicolor;O bag 4 SEASONS | ss ‘18; pouch zip O bag sand
CodeBarre;ACCEP001-TES20-485;p051-1-01;atlantic;atlantic;O bag 4 SEASONS | ss ‘18; accessorio pochette tessuto
CodeBarre;ACCEP001-TES20-486;p051-1-02;pink;pink;O bag 4 SEASONS | ss ‘18; accessorio pochette tessuto
CodeBarre;ACCEP001-TES20-026;p051-1-03;cobalto;cobalt blue;O bag 4 SEASONS | ss ‘18; accessorio pochette tessuto
CodeBarre;ACCEP001-TES20-347;p051-1-04;cedro;cedro;O bag 4 SEASONS | ss ‘18; accessorio pochette tessuto
CodeBarre;ACCEP001-TES20-484;p051-1-05;coral;coral;O bag 4 SEASONS | ss ‘18; accessorio pochette tessuto
CodeBarre;ACCEP001-TES20-078;p051-1-06;sabbia;sand;O bag 4 SEASONS | ss ‘18; accessorio pochette tessuto
CodeBarre;ACCEP001-TES20-055;p051-1-07;nero;black;O bag 4 SEASONS | ss ‘18; accessorio pochette tessuto
CodeBarre;ACCEC013-EVS34-485;p052-1-01;atlantic;atlantic;O bag 4 SEASONS | ss ‘18; accessorio portachiavi
CodeBarre;ACCEC013-EVS34-486;p052-1-02;pink;pink;O bag 4 SEASONS | ss ‘18; accessorio portachiavi
CodeBarre;ACCEC013-EVS34-479;p052-1-03;skyway;skyway;O bag 4 SEASONS | ss ‘18; accessorio portachiavi
CodeBarre;ACCEC013-EVS34-371;p052-1-04;latte;milk;O bag 4 SEASONS | ss ‘18; accessorio portachiavi
CodeBarre;ACCEC014-EVS34-484;p052-2-01;coral;coral;O bag 4 SEASONS | ss ‘18; accessorio portachiavi stella
CodeBarre;ACCEC014-EVS34-017;p052-2-02;blu navy;navy blue;O bag 4 SEASONS | ss ‘18; accessorio portachiavi stella
CodeBarre;ACCEC014-EVS34-486;p052-2-03;pink;pink;O bag 4 SEASONS | ss ‘18; accessorio portachiavi stella
CodeBarre;ACCEC014-EVS34-347;p052-2-04;cedro;cedro;O bag 4 SEASONS | ss ‘18; accessorio portachiavi stella
CodeBarre;ACCEC015-EVS34-422;p053-1-01;sangria;sangria;O bag 4 SEASONS | ss ‘18; accessorio portachiavi
CodeBarre;ACCEC015-EVS34-055;p053-1-02;nero;black;O bag 4 SEASONS | ss ‘18; accessorio portachiavi
CodeBarre;ACCEC015-EVS34-017;p053-1-03;blu navy;navy blue;O bag 4 SEASONS | ss ‘18; accessorio portachiavi
CodeBarre;ACCEC015-EVS34-484;p053-1-04;coral;coral;O bag 4 SEASONS | ss ‘18; accessorio portachiavi
CodeBarre;OBAGAD00-TESP3-486;p053-2-01;pink;pink;O bag 4 SEASONS | ss ‘18; accessorio telo mare tessuto
CodeBarre;OBAGAD00-TESP3-422;p053-2-02;sangria;sangria;O bag 4 SEASONS | ss ‘18; accessorio telo mare tessuto
CodeBarre;OBAGAD00-TESP3-347;p053-2-03;cedro;cedro;O bag 4 SEASONS | ss ‘18; accessorio telo mare tessuto
CodeBarre;OBAGAD00-TESP3-026;p053-2-04;cobalto;cobalt blue;O bag 4 SEASONS | ss ‘18; accessorio telo mare tessuto
CodeBarre;OBAGAD00-TESP3-485;p053-2-05;atlantic;atlantic;O bag 4 SEASONS | ss ‘18; accessorio telo mare tessuto
CodeBarre;OBAGAD00-TESP3-484;p053-2-06;coral;coral;O bag 4 SEASONS | ss ‘18; accessorio telo mare tessuto
