'001;114;8050846004337;ACCEC002-ECS03-026;ACCESSOIRES CHARMS POMPON EN FAUX CUIR SUÃˆDE;UNICA;3;7,080;21,24;POMPONETE2018   ;SUCOB;0;blu cobalto;FAT_2019_50_0000959.txt;FAT;29/04/2019;3917,72;3850,72;2019 02/OBAG/1143 226714
'002;044;8050846002784;ACCEC002-ECS03-076;ACCESSOIRES CHARMS POMPON EN FAUX CUIR SUÃˆDE;UNICA;3;7,080;21,24;POMPONETE2018   ;SURED;0;rosso;FAT_2019_50_0000959.txt;FAT;29/04/2019;3917,72;3850,72;2019 02/OBAG/1143 226714
'003;061;8050846005433;ACCEC002-ECS03-133;ACCESSOIRES CHARMS POMPON EN FAUX CUIR SUÃˆDE;UNICA;3;7,080;21,24;POMPONETE2018   ;SUGRE;0;grigio chiaro;FAT_2019_50_0000959.txt;FAT;29/04/2019;3917,72;3850,72;2019 02/OBAG/1143 226714
'004;098;8050846082533;HLESC401-ECSA1-026;ANSES LONGUES CHAINE EN " T " EN FAUX CUIR EFFET GRIFFE+ CHAINE EMAILLEE;UNICA;4;13,330;53,32; ; ; ;cobalto;FAT_2019_50_0000959.txt;FAT;29/04/2019;3917,72;3850,72;2019 02/OBAG/1143 226714
'005;050;8050846082519;HLESC401-ECSA1-119;ANSES LONGUES CHAINE EN " T " EN FAUX CUIR EFFET GRIFFE+ CHAINE EMAILLEE;UNICA;4;13,330;53,32; ; ; ;fragola;FAT_2019_50_0000959.txt;FAT;29/04/2019;3917,72;3850,72;2019 02/OBAG/1143 226714
'006;035;8050846042896;HLESCE01-ECS07-017;ANSES DOUBLE CHAINE EN " T " EN FAUX CUIR EFFET GRIFFE;UNICA;4;13,330;53,32;ANSES/DOUBLECHAI;ROSMO;0;blu navy + argento;FAT_2019_50_0000959.txt;FAT;29/04/2019;3917,72;3850,72;2019 02/OBAG/1143 226714
'006;035;8050846042896;HLESCE01-ECS07-017;ANSES DOUBLE CHAINE EN " T " EN FAUX CUIR EFFET GRIFFE;UNICA;4;13,330;53,32;ANSES/DOUBLECHAI;ROSMO;0;blu navy+argento;FAT_2019_50_0000959.txt;FAT;29/04/2019;3917,72;3850,72;2019 02/OBAG/1143 226714
'006;035;8050846061163;HLESCE01-ECS07-017;ANSES DOUBLE CHAINE EN " T " EN FAUX CUIR EFFET GRIFFE;UNICA;4;13,330;53,32;ANSES/DOUBLECHAI;SAFNA;0;blu navy + argento;FAT_2019_50_0000959.txt;FAT;29/04/2019;3917,72;3850,72;2019 02/OBAG/1143 226714
'006;035;8050846061163;HLESCE01-ECS07-017;ANSES DOUBLE CHAINE EN " T " EN FAUX CUIR EFFET GRIFFE;UNICA;4;13,330;53,32;ANSES/DOUBLECHAI;SAFNA;0;blu navy+argento;FAT_2019_50_0000959.txt;FAT;29/04/2019;3917,72;3850,72;2019 02/OBAG/1143 226714
'007;004;8050846014893;HLESD000-ECS35-017;ANSES LONGUES ADAPTABLES EN FAUX CUIR BASIC;UNICA;5;14,400;72,00;ANSES/F.CUIRCOMP;NAVY ;0;blu navy;FAT_2019_50_0000959.txt;FAT;29/04/2019;3917,72;3850,72;2019 02/OBAG/1143 226714
'008;102;8050846014015;HLESD000-ECS35-026;ANSES LONGUES ADAPTABLES EN FAUX CUIR BASIC;UNICA;2;14,400;28,80;ANSES/F.CUIRCOMP;COBAL;0;cobalto;FAT_2019_50_0000959.txt;FAT;29/04/2019;3917,72;3850,72;2019 02/OBAG/1143 226714
'009;005;8050846011069;HLESD000-ECS35-371;ANSES LONGUES ADAPTABLES EN FAUX CUIR BASIC;UNICA;5;14,400;72,00;ANSES/ALLONGEABL;LATTE;0;latte;FAT_2019_50_0000959.txt;FAT;29/04/2019;3917,72;3850,72;2019 02/OBAG/1143 226714
'010;067;8058333583648;HLESG000-ECS04-135;ANSES LONGUES EN FAUX CUIR POMPON;UNICA;10;7,030;70,30;ANSES/F.CUIR    ;VIOLE;L    ;peltro;FAT_2019_50_0000959.txt;FAT;29/04/2019;3917,72;3850,72;2019 02/OBAG/1143 226714
'011;103;8050846078451;HLESG000-ROS12-371;ANSES LONGUES EN CORDE MULTI TRESSAGE;UNICA;10;10,740;107,40; ; ; ;latte;FAT_2019_50_0000959.txt;FAT;29/04/2019;3917,72;3850,72;2019 02/OBAG/1143 226714
'012;014;8050846078574;HLESG019-ROS07-026;ANSES LONGUES AVEC NÅ'UD CORDE TRESSE EN COTON;UNICA;5;15,560;77,80; ; ; ;cobalto;FAT_2019_50_0000959.txt;FAT;29/04/2019;3917,72;3850,72;2019 02/OBAG/1143 226714
'013;068;8050846078567;HLESG019-ROS07-119;ANSES LONGUES AVEC NÅ'UD CORDE TRESSE EN COTON;UNICA;5;15,560;77,80; ; ; ;fragola;FAT_2019_50_0000959.txt;FAT;29/04/2019;3917,72;3850,72;2019 02/OBAG/1143 226714
'014;099;8058983596739;HLESGC00-ECS04-017;ANSES COURTES EN FAUX CUIR POMPON;UNICA;5;6,050;30,25;ANSES/F.CUIR    ;NAPBL;S    ;blu navy;FAT_2019_50_0000959.txt;FAT;29/04/2019;3917,72;3850,72;2019 02/OBAG/1143 226714
'015;037;8058983594841;HLESGC00-ECS04-026;ANSES COURTES EN FAUX CUIR POMPON;UNICA;2;6,050;12,10;ANSES/F.CUIR    ;COBAL;S    ;cobalto;FAT_2019_50_0000959.txt;FAT;29/04/2019;3917,72;3850,72;2019 02/OBAG/1143 226714
'016;015;8058983593479;HLESGC00-ECS04-135;ANSES COURTES EN FAUX CUIR POMPON;UNICA;5;6,050;30,25;ANSES/F.CUIR    ;NAPET;S    ;peltro;FAT_2019_50_0000959.txt;FAT;29/04/2019;3917,72;3850,72;2019 02/OBAG/1143 226714
'017;104;8050846029132;HLESGC00-PLS00-017;ANSES COURTES EN PLEXIGLAS + GOUTE;UNICA;3;12,590;37,77;ANSES/PLEXI     ;NAVY ;0;blu navy;FAT_2019_50_0000959.txt;FAT;29/04/2019;3917,72;3850,72;2019 02/OBAG/1143 226714
'018;038;8050846029118;HLESGC00-PLS00-371;ANSES COURTES EN PLEXIGLAS + GOUTE;UNICA;3;12,590;37,77;ANSES/PLEXI     ;LATTE;0;latte;FAT_2019_50_0000959.txt;FAT;29/04/2019;3917,72;3850,72;2019 02/OBAG/1143 226714
'019;105;8050846057982;HLESGC00-ROS10-017;ANSES COURTES EN CORDE EN COTON TRESSE;UNICA;6;7,800;46,80;ANSES/CORDECOTON;NAVY ;S    ;blu navy;FAT_2019_50_0000959.txt;FAT;29/04/2019;3917,72;3850,72;2019 02/OBAG/1143 226714
'020;006;8050846042278;HLESGC00-ROS10-026;ANSES COURTES EN CORDE EN COTON TRESSE;UNICA;4;7,800;31,20; ; ; ;cobalto;FAT_2019_50_0000959.txt;FAT;29/04/2019;3917,72;3850,72;2019 02/OBAG/1143 226714
'021;100;8050846058019;HLESGC00-ROS10-371;ANSES COURTES EN CORDE EN COTON TRESSE;UNICA;6;7,800;46,80;ANSES/CORDECOTON;LATTE;S    ;latte;FAT_2019_50_0000959.txt;FAT;29/04/2019;3917,72;3850,72;2019 02/OBAG/1143 226714
'022;036;8050846061040;HLESLL01-ECS07-017;ANSES LONGUES LINEAR AVEC BOUCLE EN FAUX CUIR EFFET GRIFFE;UNICA;4;13,330;53,32;ANS/BOUCLE/SAFFI;NAVY ;0;blu navy;FAT_2019_50_0000959.txt;FAT;29/04/2019;3917,72;3850,72;2019 02/OBAG/1143 226714
'023;016;8050846004573;HLESMD00-ECS46-017;MICRO-ANSES TUBULAIRES COURTES EN FAUX CUIR LISSE;UNICA;3;12,660;37,98;ANSES/MICROTUB  ;NAVY ;0;blu navy;FAT_2019_50_0000959.txt;FAT;29/04/2019;3917,72;3850,72;2019 02/OBAG/1143 226714
'024;007;8050846019935;HLESMD00-ECS46-371;MICRO-ANSES TUBULAIRES COURTES EN FAUX CUIR LISSE;UNICA;4;12,660;50,64;ANSES/MICROTUB  ;COGNA;0;latte;FAT_2019_50_0000959.txt;FAT;29/04/2019;3917,72;3850,72;2019 02/OBAG/1143 226714
'025;071;8050846060555;OBAGA000-ECS07-026;ACCESSOIRE CLIP EN FAUX CUIR EFFET GRIFFE;UNICA;2;3,330;6,66; ; ; ;cobalto;FAT_2019_50_0000959.txt;FAT;29/04/2019;3917,72;3850,72;2019 02/OBAG/1143 226714
'026;088;8050846077713;OBAGA000-ECS07-119;ACCESSOIRE CLIP EN FAUX CUIR EFFET GRIFFE;UNICA;2;3,330;6,66; ; ; ;fragola;FAT_2019_50_0000959.txt;FAT;29/04/2019;3917,72;3850,72;2019 02/OBAG/1143 226714
'027;040;8050846060562;OBAGA000-ECS07-224;ACCESSOIRE CLIP EN FAUX CUIR EFFET GRIFFE;UNICA;2;3,330;6,66; ; ; ;verde inglese;FAT_2019_50_0000959.txt;FAT;29/04/2019;3917,72;3850,72;2019 02/OBAG/1143 226714
'028;028;8050846077690;OBAGA000-ECS07-371;ACCESSOIRE CLIP EN FAUX CUIR EFFET GRIFFE;UNICA;2;3,330;6,66; ; ; ;latte;FAT_2019_50_0000959.txt;FAT;29/04/2019;3917,72;3850,72;2019 02/OBAG/1143 226714
'029;017;8050846060609;OBAGA000-ECS07-588;ACCESSOIRE CLIP EN FAUX CUIR EFFET GRIFFE;UNICA;2;3,330;6,66; ; ; ;orchidea;FAT_2019_50_0000959.txt;FAT;29/04/2019;3917,72;3850,72;2019 02/OBAG/1143 226714
'030;107;8050846013988;OBAGA000-ECS42-026;ACCESSOIRE CLIP EN FAUX CUIR OPAQUE + ARGENT;UNICA;4;3,600;14,40;CLIP            ;COBAL;0;cobalto;FAT_2019_50_0000959.txt;FAT;29/04/2019;3917,72;3850,72;2019 02/OBAG/1143 226714
'031;087;8050846011229;OBAGA000-ECS42-371;ACCESSOIRE CLIP EN FAUX CUIR OPAQUE + ARGENT;UNICA;6;3,600;21,60;CLIP            ;LATTE;0;latte;FAT_2019_50_0000959.txt;FAT;29/04/2019;3917,72;3850,72;2019 02/OBAG/1143 226714
'032;032;8050538594429;OBAGAM16-MAS00-017;ACCESSOIRE ANSES O MOON EN PLASTIQUE;UNICA;2;5,160;10,32; ; ; ;blu navy;FAT_2019_50_0000959.txt;FAT;29/04/2019;3917,72;3850,72;2019 02/OBAG/1143 226714
'033;077;CodeBarre;OBAGAM16-MAS00-026;ACCESSOIRE ANSES O MOON EN PLASTIQUE;UNICA;1;5,160;5,16;CodeBarre;CodeBarre;CodeBarre;CodeBarre;FAT_2019_50_0000959.txt;FAT;29/04/2019;3917,72;3850,72;2019 02/OBAG/1143 226714
'034;046;8050846035454;OBAGAM16-MAS00-371;ACCESSOIRE ANSES O MOON EN PLASTIQUE;UNICA;2;5,160;10,32; ; ; ;latte;FAT_2019_50_0000959.txt;FAT;29/04/2019;3917,72;3850,72;2019 02/OBAG/1143 226714
'035;033;CodeBarre;OBAGAM16-MAS00-479;ACCESSOIRE ANSES O MOON EN PLASTIQUE;UNICA;1;5,160;5,16;CodeBarre;CodeBarre;CodeBarre;CodeBarre;FAT_2019_50_0000959.txt;FAT;29/04/2019;3917,72;3850,72;2019 02/OBAG/1143 226714
'036;078;8050846006393;OBAGB001-EVS00-026;CORPS O BAG EVA COMPOUND;UNICA;2;14,400;28,80;OBODY           ;COBAL;0;cobalto;FAT_2019_50_0000959.txt;FAT;29/04/2019;3917,72;3850,72;2019 02/OBAG/1143 226714
'037;093;8050846051539;OBAGB001-EVS00-224;CORPS O BAG EVA COMPOUND;UNICA;2;14,400;28,80; ; ; ;verde inglese;FAT_2019_50_0000959.txt;FAT;29/04/2019;3917,72;3850,72;2019 02/OBAG/1143 226714
'038;079;8050846062788;OBAGB001-EVS00-588;CORPS O BAG EVA COMPOUND;UNICA;2;14,400;28,80;OBODY           ;ORCHI;0;orchidea;FAT_2019_50_0000959.txt;FAT;29/04/2019;3917,72;3850,72;2019 02/OBAG/1143 226714
'039;063;8050846079656;OBAGB001-EVS55-125;CORPS O BAG EVA COMPOUND APPLICATIONS AZULEJOS;UNICA;3;35,190;105,57; ; ; ;multicolor;FAT_2019_50_0000959.txt;FAT;29/04/2019;3917,72;3850,72;2019 02/OBAG/1143 226714
'040;095;8050846006560;OBAGB002-EVS00-026;CORPS O BAG MINI EVA COMPOUND;UNICA;5;14,400;72,00;MINIOBODY       ;COBAL;0;cobalto;FAT_2019_50_0000959.txt;FAT;29/04/2019;3917,72;3850,72;2019 02/OBAG/1143 226714
'041;080;8058983596067;OBAGB002-EVS00-119;CORPS O BAG MINI EVA COMPOUND;UNICA;4;14,400;57,60;MINIOBODY       ;FRAG ;0;fragola;FAT_2019_50_0000959.txt;FAT;29/04/2019;3917,72;3850,72;2019 02/OBAG/1143 226714
'042;001;8050846062856;OBAGB002-EVS00-224;CORPS O BAG MINI EVA COMPOUND;UNICA;4;14,400;57,60;MINIOBODY       ;VERT ;0;verde inglese;FAT_2019_50_0000959.txt;FAT;29/04/2019;3917,72;3850,72;2019 02/OBAG/1143 226714
'043;064;8050846062825;OBAGB002-EVS00-588;CORPS O BAG MINI EVA COMPOUND;UNICA;5;14,400;72,00;MINIOBODY       ;ORCHI;0;orchidea;FAT_2019_50_0000959.txt;FAT;29/04/2019;3917,72;3850,72;2019 02/OBAG/1143 226714
'044;081;8050538597642;OBAGB016-EVS00-017;CORPS O MOON EVA COMPOUND;UNICA;2;7,440;14,88; ; ; ;blu navy;FAT_2019_50_0000959.txt;FAT;29/04/2019;3917,72;3850,72;2019 02/OBAG/1143 226714
'045;096;8050846006782;OBAGB016-EVS00-026;CORPS O MOON EVA COMPOUND;UNICA;1;7,440;7,44;OMOON           ;COBAL;0;cobalto;FAT_2019_50_0000959.txt;FAT;29/04/2019;3917,72;3850,72;2019 02/OBAG/1143 226714
'046;002;8050846011540;OBAGB016-EVS00-371;CORPS O MOON EVA COMPOUND;UNICA;2;7,440;14,88; ; ; ;latte;FAT_2019_50_0000959.txt;FAT;29/04/2019;3917,72;3850,72;2019 02/OBAG/1143 226714
'047;047;8050846011557;OBAGB016-EVS00-479;CORPS O MOON EVA COMPOUND;UNICA;1;7,440;7,44;OMOON           ;SKYWA;0;skyway;FAT_2019_50_0000959.txt;FAT;29/04/2019;3917,72;3850,72;2019 02/OBAG/1143 226714
'048;013;8050846039643;OBAGB033-EVS00-017;CORPS O BAG URBAN EVA COMPOUND;UNICA;2;14,160;28,32;OURBAN          ;NAVY ;0;blu navy;FAT_2019_50_0000959.txt;FAT;29/04/2019;3917,72;3850,72;2019 02/OBAG/1143 226714
'049;024;8050846039728;OBAGB033-EVS00-371;CORPS O BAG URBAN EVA COMPOUND;UNICA;2;14,160;28,32;OURBAN          ;LATTE;0;latte;FAT_2019_50_0000959.txt;FAT;29/04/2019;3917,72;3850,72;2019 02/OBAG/1143 226714
'050;082;8050846062979;OBAGB033-EVS00-588;CORPS O BAG URBAN EVA COMPOUND;UNICA;1;14,160;14,16; ; ; ;orchidea;FAT_2019_50_0000959.txt;FAT;29/04/2019;3917,72;3850,72;2019 02/OBAG/1143 226714
'051;048;8050846039780;OBAGB034-EVS00-017;CORPS O BAG GLAM EVA COMPOUND;UNICA;2;12,590;25,18;OGLAM           ;NAVY ;0;blu navy;FAT_2019_50_0000959.txt;FAT;29/04/2019;3917,72;3850,72;2019 02/OBAG/1143 226714
'052;083;8050846063082;OBAGB034-EVS00-026;CORPS O BAG GLAM EVA COMPOUND;UNICA;2;12,590;25,18; ; ; ;cobalto;FAT_2019_50_0000959.txt;FAT;29/04/2019;3917,72;3850,72;2019 02/OBAG/1143 226714
'053;025;8050846079687;OBAGB034-EVS00-119;CORPS O BAG GLAM EVA COMPOUND;UNICA;2;12,590;25,18; ; ; ;fragola;FAT_2019_50_0000959.txt;FAT;29/04/2019;3917,72;3850,72;2019 02/OBAG/1143 226714
'054;097;8050846039865;OBAGB034-EVS00-371;CORPS O BAG GLAM EVA COMPOUND;UNICA;2;12,590;25,18;OGLAM           ;LATTE;0;latte;FAT_2019_50_0000959.txt;FAT;29/04/2019;3917,72;3850,72;2019 02/OBAG/1143 226714
'055;065;8050846062917;OBAGB034-EVS00-588;CORPS O BAG GLAM EVA COMPOUND;UNICA;2;12,590;25,18; ; ; ;orchidea;FAT_2019_50_0000959.txt;FAT;29/04/2019;3917,72;3850,72;2019 02/OBAG/1143 226714
'056;084;8050846079762;OBAGB038-EVS00-026;CORPS O BAG SAND EVA COMPOUND;UNICA;1;16,670;16,67; ; ; ;cobalto;FAT_2019_50_0000959.txt;FAT;29/04/2019;3917,72;3850,72;2019 02/OBAG/1143 226714
'057;094;8050846079793;OBAGB054-EVS00-371;CORPS O BAG TULIP EVA COMPOUND;UNICA;5;15,560;77,80; ; ; ;latte;FAT_2019_50_0000959.txt;FAT;29/04/2019;3917,72;3850,72;2019 02/OBAG/1143 226714
'058;027;8050846079700;OBAGB056-TESAF-026;CORPS O BAG MARKET TISSU ENTRELACE NUANCE;UNICA;3;18,520;55,56; ; ; ;cobalto;FAT_2019_50_0000959.txt;FAT;29/04/2019;3917,72;3850,72;2019 02/OBAG/1143 226714
'059;101;8050846006942;OBAGB206-EVS00-026;CORPS INFERIEUR O POCKET EVA COMPOUND;UNICA;2;4,800;9,60;COQUOPOCKET     ;COBAL;0;cobalto;FAT_2019_50_0000959.txt;FAT;29/04/2019;3917,72;3850,72;2019 02/OBAG/1143 226714
'060;003;8050846080058;OBAGB206-EVS00-119;CORPS INFERIEUR O POCKET EVA COMPOUND;UNICA;2;4,800;9,60; ; ; ;fragola;FAT_2019_50_0000959.txt;FAT;29/04/2019;3917,72;3850,72;2019 02/OBAG/1143 226714
'061;066;8050846066885;OBAGB206-EVS00-224;CORPS INFERIEUR O POCKET EVA COMPOUND;UNICA;2;4,800;9,60; ; ; ;verde inglese;FAT_2019_50_0000959.txt;FAT;29/04/2019;3917,72;3850,72;2019 02/OBAG/1143 226714
'062;026;8050846064324;OBAGB206-EVS00-588;CORPS INFERIEUR O POCKET EVA COMPOUND;UNICA;2;4,800;9,60; ; ; ;orchidea;FAT_2019_50_0000959.txt;FAT;29/04/2019;3917,72;3850,72;2019 02/OBAG/1143 226714
'063;049;8050846063488;OBAGB451-ECS07-017;CORPS COMPLET O BAG DOUBLE EN FAUX CUIR EFFET GRIFFE;UNICA;3;20,000;60,00; ; ; ;blu navy;FAT_2019_50_0000959.txt;FAT;29/04/2019;3917,72;3850,72;2019 02/OBAG/1143 226714
'064;034;8050846063471;OBAGB451-ECS07-371;CORPS COMPLET O BAG DOUBLE EN FAUX CUIR EFFET GRIFFE;UNICA;3;20,000;60,00;OBAGDOUBLE      ;LATTE;0;latte;FAT_2019_50_0000959.txt;FAT;29/04/2019;3917,72;3850,72;2019 02/OBAG/1143 226714
'065;023;CodeBarre;OBAGC534-ECSB3-026;FERMETURE Ã€ BANDEAU AVEC BOUCLE O BAG GLAM EN FAUX CUIR EFFET GRIFFE BLUEBELLS FLOWERS;UNICA;3;10,000;30,00;CodeBarre;CodeBarre;CodeBarre;CodeBarre;FAT_2019_50_0000959.txt;FAT;29/04/2019;3917,72;3850,72;2019 02/OBAG/1143 226714
'066;043;8050846078031;OBAGC534-ECSB4-026;FERMETURE Ã€ BANDEAU AVEC BOUCLE O BAG GLAM EN FAUX CUIR EFFET GRIFFE AVEC TRESSAGE;UNICA;2;10,740;21,48; ; ; ;cobalto;FAT_2019_50_0000959.txt;FAT;29/04/2019;3917,72;3850,72;2019 02/OBAG/1143 226714
'067;092;8050846078024;OBAGC534-ECSB4-119;FERMETURE Ã€ BANDEAU AVEC BOUCLE O BAG GLAM EN FAUX CUIR EFFET GRIFFE AVEC TRESSAGE;UNICA;2;10,740;21,48; ; ; ;fragola;FAT_2019_50_0000959.txt;FAT;29/04/2019;3917,72;3850,72;2019 02/OBAG/1143 226714
'068;022;8050846078857;OBAGP006-ECSB4-026;RABAT O POCKET EN FAUX CUIR EFFET GRIFFE AVEC TRESSAGE;UNICA;4;11,850;47,40; ; ; ;cobalto;FAT_2019_50_0000959.txt;FAT;29/04/2019;3917,72;3850,72;2019 02/OBAG/1143 226714
'069;042;8050846078840;OBAGP006-ECSB4-119;RABAT O POCKET EN FAUX CUIR EFFET GRIFFE AVEC TRESSAGE;UNICA;2;11,850;23,70; ; ; ;fragola;FAT_2019_50_0000959.txt;FAT;29/04/2019;3917,72;3850,72;2019 02/OBAG/1143 226714
'070;090;8050846078864;OBAGP006-TESAE-017;RABAT O POCKET EN TISSU ENTRELACE + Ã€ FRANGES;UNICA;3;15,560;46,68; ; ; ;blu navy;FAT_2019_50_0000959.txt;FAT;29/04/2019;3917,72;3850,72;2019 02/OBAG/1143 226714
'071;112;8050846082687;OBAGP006-TESZ6-026;RABAT O POCKET EN TISSU IMPRIME OLIVIER;UNICA;2;11,850;23,70; ; ; ;cobalto;FAT_2019_50_0000959.txt;FAT;29/04/2019;3917,72;3850,72;2019 02/OBAG/1143 226714
'072;060;8050846042971;OBAGP034-ECS07-017;RABAT O BAG GLAM EN FAUX CUIR EFFET GRIFFE;UNICA;3;14,440;43,32;FLAPOGLAM       ;SAFNA;0;blu navy;FAT_2019_50_0000959.txt;FAT;29/04/2019;3917,72;3850,72;2019 02/OBAG/1143 226714
'073;091;8050846061675;OBAGPA06-EVS00-017;RABAT TOURNIQUET O POCKET EVA COMPOUND;UNICA;3;10,000;30,00; ; ; ;blu navy;FAT_2019_50_0000959.txt;FAT;29/04/2019;3917,72;3850,72;2019 02/OBAG/1143 226714
'073;091;8050846061675;OBAGPA06-EVS00-017;RABAT TOURNIQUET O POCKET EVA COMPOUND;UNICA;3;10,000;30,00; ; ; ;blu navy;FAT_2019_50_0000959.txt;FAT;29/04/2019;3917,72;3850,72;2019 02/OBAG/1143 226714
'073;091;8050846071049;OBAGPA06-EVS00-017;RABAT TOURNIQUET O POCKET EVA COMPOUND;UNICA;3;10,000;30,00; ; ; ;blu navy;FAT_2019_50_0000959.txt;FAT;29/04/2019;3917,72;3850,72;2019 02/OBAG/1143 226714
'073;091;8050846071049;OBAGPA06-EVS00-017;RABAT TOURNIQUET O POCKET EVA COMPOUND;UNICA;3;10,000;30,00; ; ; ;blu navy;FAT_2019_50_0000959.txt;FAT;29/04/2019;3917,72;3850,72;2019 02/OBAG/1143 226714
'074;113;8050846061767;OBAGPA06-EVS00-026;RABAT TOURNIQUET O POCKET EVA COMPOUND;UNICA;2;10,000;20,00; ; ; ;cobalto;FAT_2019_50_0000959.txt;FAT;29/04/2019;3917,72;3850,72;2019 02/OBAG/1143 226714
'074;113;8050846061767;OBAGPA06-EVS00-026;RABAT TOURNIQUET O POCKET EVA COMPOUND;UNICA;2;10,000;20,00; ; ; ;cobalto;FAT_2019_50_0000959.txt;FAT;29/04/2019;3917,72;3850,72;2019 02/OBAG/1143 226714
'074;113;8050846071179;OBAGPA06-EVS00-026;RABAT TOURNIQUET O POCKET EVA COMPOUND;UNICA;2;10,000;20,00; ; ; ;cobalto;FAT_2019_50_0000959.txt;FAT;29/04/2019;3917,72;3850,72;2019 02/OBAG/1143 226714
'074;113;8050846071179;OBAGPA06-EVS00-026;RABAT TOURNIQUET O POCKET EVA COMPOUND;UNICA;2;10,000;20,00; ; ; ;cobalto;FAT_2019_50_0000959.txt;FAT;29/04/2019;3917,72;3850,72;2019 02/OBAG/1143 226714
'075;075;8050846078758;OBAGPA06-EVS00-119;RABAT TOURNIQUET O POCKET EVA COMPOUND;UNICA;1;10,000;10,00; ; ; ;fragola;FAT_2019_50_0000959.txt;FAT;29/04/2019;3917,72;3850,72;2019 02/OBAG/1143 226714
'076;058;8050846061736;OBAGPA06-EVS00-224;RABAT TOURNIQUET O POCKET EVA COMPOUND;UNICA;1;10,000;10,00;FLAP            ;XLCED;0;verde inglese;FAT_2019_50_0000959.txt;FAT;29/04/2019;3917,72;3850,72;2019 02/OBAG/1143 226714
'076;058;8050846061736;OBAGPA06-EVS00-224;RABAT TOURNIQUET O POCKET EVA COMPOUND;UNICA;1;10,000;10,00;FLAP            ;XLCED;0;verde inglese;FAT_2019_50_0000959.txt;FAT;29/04/2019;3917,72;3850,72;2019 02/OBAG/1143 226714
'076;058;8050846071131;OBAGPA06-EVS00-224;RABAT TOURNIQUET O POCKET EVA COMPOUND;UNICA;1;10,000;10,00; ; ; ;verde inglese;FAT_2019_50_0000959.txt;FAT;29/04/2019;3917,72;3850,72;2019 02/OBAG/1143 226714
'076;058;8050846071131;OBAGPA06-EVS00-224;RABAT TOURNIQUET O POCKET EVA COMPOUND;UNICA;1;10,000;10,00; ; ; ;verde inglese;FAT_2019_50_0000959.txt;FAT;29/04/2019;3917,72;3850,72;2019 02/OBAG/1143 226714
'077;059;8050846061705;OBAGPA06-EVS00-371;RABAT TOURNIQUET O POCKET EVA COMPOUND;UNICA;3;10,000;30,00;FLAP            ;XLLA ;0;latte;FAT_2019_50_0000959.txt;FAT;29/04/2019;3917,72;3850,72;2019 02/OBAG/1143 226714
'077;059;8050846061705;OBAGPA06-EVS00-371;RABAT TOURNIQUET O POCKET EVA COMPOUND;UNICA;3;10,000;30,00;FLAP            ;XLLA ;0;latte;FAT_2019_50_0000959.txt;FAT;29/04/2019;3917,72;3850,72;2019 02/OBAG/1143 226714
'077;059;8050846071056;OBAGPA06-EVS00-371;RABAT TOURNIQUET O POCKET EVA COMPOUND;UNICA;3;10,000;30,00;FLAP            ;XLLA ;0;latte;FAT_2019_50_0000959.txt;FAT;29/04/2019;3917,72;3850,72;2019 02/OBAG/1143 226714
'077;059;8050846071056;OBAGPA06-EVS00-371;RABAT TOURNIQUET O POCKET EVA COMPOUND;UNICA;3;10,000;30,00;FLAP            ;XLLA ;0;latte;FAT_2019_50_0000959.txt;FAT;29/04/2019;3917,72;3850,72;2019 02/OBAG/1143 226714
'078;018;8050846003620;OBAGS001-TES01-026;POCHETTE INTERIEURE FERMETURE ECLAIR O BAG EN TISSU CANVAS;UNICA;3;7,800;23,40;CANVAS          ;COBAL;0;cobalto;FAT_2019_50_0000959.txt;FAT;29/04/2019;3917,72;3850,72;2019 02/OBAG/1143 226714
'079;054;8050846062450;OBAGS001-TES01-588;POCHETTE INTERIEURE FERMETURE ECLAIR O BAG EN TISSU CANVAS;UNICA;3;7,800;23,40; ; ; ;orchidea;FAT_2019_50_0000959.txt;FAT;29/04/2019;3917,72;3850,72;2019 02/OBAG/1143 226714
'080;010;8058333587844;OBAGS002-TES01-026;POCHETTE INTERIEURE FERMETURE ECLAIR O BAG MINI EN TISSU CANVAS;UNICA;4;7,080;28,32;MINICANVAS      ;COBAL;0;cobalto;FAT_2019_50_0000959.txt;FAT;29/04/2019;3917,72;3850,72;2019 02/OBAG/1143 226714
'081;055;8050846062528;OBAGS002-TES01-588;POCHETTE INTERIEURE FERMETURE ECLAIR O BAG MINI EN TISSU CANVAS;UNICA;4;7,080;28,32; ; ; ;orchidea;FAT_2019_50_0000959.txt;FAT;29/04/2019;3917,72;3850,72;2019 02/OBAG/1143 226714
'082;029;8050846062696;OBAGS016-TES01-009;POCHETTE INTERIEURE FERMETURE ECLAIR O MOON EN TISSU CANVAS;UNICA;4;10,800;43,20; ; ; ;blu;FAT_2019_50_0000959.txt;FAT;29/04/2019;3917,72;3850,72;2019 02/OBAG/1143 226714
'083;021;8050846004023;OBAGS016-TES01-026;POCHETTE INTERIEURE FERMETURE ECLAIR O MOON EN TISSU CANVAS;UNICA;2;10,800;21,60;CANOMOON        ;COBAL;0;cobalto;FAT_2019_50_0000959.txt;FAT;29/04/2019;3917,72;3850,72;2019 02/OBAG/1143 226714
'084;056;8050846062658;OBAGS033-TES01-008;POCHETTE INTERIEURE FERMETURE ECLAIR O BAG URBAN EN TISSU CANVAS;UNICA;3;10,740;32,22; ; ; ;bianco;FAT_2019_50_0000959.txt;FAT;29/04/2019;3917,72;3850,72;2019 02/OBAG/1143 226714
'085;011;8050846041288;OBAGS033-TES01-017;POCHETTE INTERIEURE FERMETURE ECLAIR O BAG URBAN EN TISSU CANVAS;UNICA;3;10,740;32,22; ; ; ;blu navy;FAT_2019_50_0000959.txt;FAT;29/04/2019;3917,72;3850,72;2019 02/OBAG/1143 226714
'086;057;8050846062672;OBAGS033-TES01-588;POCHETTE INTERIEURE FERMETURE ECLAIR O BAG URBAN EN TISSU CANVAS;UNICA;2;10,740;21,48; ; ; ;orchidea;FAT_2019_50_0000959.txt;FAT;29/04/2019;3917,72;3850,72;2019 02/OBAG/1143 226714
'087;012;8050846062481;OBAGS034-TES01-008;POCHETTE INTERIEURE Ã€ FERMETURE ECLAIR O BAG GLAM EN TISSU CANVAS;UNICA;4;8,520;34,08; ; ; ;bianco;FAT_2019_50_0000959.txt;FAT;29/04/2019;3917,72;3850,72;2019 02/OBAG/1143 226714
'088;110;8050846062511;OBAGS034-TES01-017;POCHETTE INTERIEURE Ã€ FERMETURE ECLAIR O BAG GLAM EN TISSU CANVAS;UNICA;4;8,520;34,08; ; ; ;blu navy;FAT_2019_50_0000959.txt;FAT;29/04/2019;3917,72;3850,72;2019 02/OBAG/1143 226714
'089;030;8050846062726;OBAGS034-TES01-588;POCHETTE INTERIEURE Ã€ FERMETURE ECLAIR O BAG GLAM EN TISSU CANVAS;UNICA;2;8,520;17,04; ; ; ;orchidea;FAT_2019_50_0000959.txt;FAT;29/04/2019;3917,72;3850,72;2019 02/OBAG/1143 226714
'090;031;8050846029507;OBAGS037-TES01-008;POCHETTE INTERIEURE FERMETURE ECLAIR O BAG TWIST MINI EN TISSU CANVAS;UNICA;4;12,590;50,36;CANOTWISTMINI   ;WHITE;0;bianco;FAT_2019_50_0000959.txt;FAT;29/04/2019;3917,72;3850,72;2019 02/OBAG/1143 226714
'091;111;8050846029576;OBAGS037-TES01-017;POCHETTE INTERIEURE FERMETURE ECLAIR O BAG TWIST MINI EN TISSU CANVAS;UNICA;4;12,590;50,36;CANOTWISTMINI   ;NAVY ;0;blu navy;FAT_2019_50_0000959.txt;FAT;29/04/2019;3917,72;3850,72;2019 02/OBAG/1143 226714
'092;074;8050846029552;OBAGS037-TES01-026;POCHETTE INTERIEURE FERMETURE ECLAIR O BAG TWIST MINI EN TISSU CANVAS;UNICA;2;12,590;25,18;CANOTWISTMINI   ;COBAL;0;cobalto;FAT_2019_50_0000959.txt;FAT;29/04/2019;3917,72;3850,72;2019 02/OBAG/1143 226714
'093;089;8050846079250;OBAGS602-TESAH-026;POCHETTE INTERIEURE SWITCH O BAG MINI EN TISSU IMPRIME MEDITERRANEAN CIRCLES;UNICA;3;11,850;35,55; ; ; ;cobalto;FAT_2019_50_0000959.txt;FAT;29/04/2019;3917,72;3850,72;2019 02/OBAG/1143 226714
'094;109;8050846078932;OBAGS701-TESZ3-026;POCHETTE INTERIEURE KNOT O BAG EN COTON Ã€ RAYURES;UNICA;5;13,330;66,65; ; ; ;cobalto;FAT_2019_50_0000959.txt;FAT;29/04/2019;3917,72;3850,72;2019 02/OBAG/1143 226714
'095;073;8050846078925;OBAGS701-TESZ3-119;POCHETTE INTERIEURE KNOT O BAG EN COTON Ã€ RAYURES;UNICA;5;13,330;66,65; ; ; ;fragola;FAT_2019_50_0000959.txt;FAT;29/04/2019;3917,72;3850,72;2019 02/OBAG/1143 226714
'096;019;8050846078970;OBAGS702-TESZ3-026;POCHETTE INTERIEURE KNOT O BAG MINI EN TISSU Ã€ RAYURES;UNICA;4;13,330;53,32; ; ; ;cobalto;FAT_2019_50_0000959.txt;FAT;29/04/2019;3917,72;3850,72;2019 02/OBAG/1143 226714
'097;020;8050846078963;OBAGS702-TESZ3-119;POCHETTE INTERIEURE KNOT O BAG MINI EN TISSU Ã€ RAYURES;UNICA;4;13,330;53,32; ; ; ;fragola;FAT_2019_50_0000959.txt;FAT;29/04/2019;3917,72;3850,72;2019 02/OBAG/1143 226714
'098;041;8050846077867;OBAGT001-TESAG-017;REVERS O BAG EN TISSU IMPRIME JACQUARD GEOMETRIQUE;UNICA;2;11,850;23,70; ; ; ;blu navy;FAT_2019_50_0000959.txt;FAT;29/04/2019;3917,72;3850,72;2019 02/OBAG/1143 226714
'099;108;8050846077904;OBAGT001-TESAL-017;REVERS O BAG EN TISSU BRODERIE ANGLAISE FLORALE;UNICA;2;15,560;31,12; ; ; ;blu navy;FAT_2019_50_0000959.txt;FAT;29/04/2019;3917,72;3850,72;2019 02/OBAG/1143 226714
'100;009;8050846082267;OBAGT001-TESAL-371;REVERS O BAG EN TISSU BRODERIE ANGLAISE FLORALE;UNICA;2;15,560;31,12; ; ; ;latte;FAT_2019_50_0000959.txt;FAT;29/04/2019;3917,72;3850,72;2019 02/OBAG/1143 226714
'101;072;8050846077935;OBAGT002-TESAG-017;REVERS O BAG MINI EN TISSU JACQUARD GEOMETRIQUE;UNICA;3;11,850;35,55; ; ; ;blu navy;FAT_2019_50_0000959.txt;FAT;29/04/2019;3917,72;3850,72;2019 02/OBAG/1143 226714
'102;053;8050846077942;OBAGT002-TESAH-026;REVERS O BAG MINI EN TISSU IMPRIME MEDITERRANEAN CIRCLES;UNICA;2;10,740;21,48; ; ; ;cobalto;FAT_2019_50_0000959.txt;FAT;29/04/2019;3917,72;3850,72;2019 02/OBAG/1143 226714
'103;076;8050846078697;OCLKD001-MESD8-008;O CLOCK MECANISME METAL RING;UNICA;6;7,780;46,68; ; ; ;bianco;FAT_2019_50_0000959.txt;FAT;29/04/2019;3917,72;3850,72;2019 02/OBAG/1143 226714
'104;062;8050846078673;OCLKD001-MESD8-026;O CLOCK MECANISME METAL RING;UNICA;6;7,780;46,68; ; ; ;cobalto;FAT_2019_50_0000959.txt;FAT;29/04/2019;3917,72;3850,72;2019 02/OBAG/1143 226714
'105;045;8050846078680;OCLKD001-MESD8-588;O CLOCK MECANISME METAL RING;UNICA;4;7,780;31,12; ; ; ;orchidea;FAT_2019_50_0000959.txt;FAT;29/04/2019;3917,72;3850,72;2019 02/OBAG/1143 226714
'106;070;8050846080072;SHOUG800-ECSB4-026;BANDOULIÃˆRE 80 EN FAUX CUIR EFFET GRIFFE AVEC TRESSAGE;UNICA;2;13,330;26,66; ; ; ;cobalto;FAT_2019_50_0000959.txt;FAT;29/04/2019;3917,72;3850,72;2019 02/OBAG/1143 226714
'107;106;8050846080089;SHOUG800-ECSB4-119;BANDOULIÃˆRE 80 EN FAUX CUIR EFFET GRIFFE AVEC TRESSAGE;UNICA;2;13,330;26,66; ; ; ;fragola;FAT_2019_50_0000959.txt;FAT;29/04/2019;3917,72;3850,72;2019 02/OBAG/1143 226714
'108;086;8050846080065;SHOUGN00-ECSC1-125;BANDOULIÃˆRE 110 EN FAUX CUIR EFFET GRIFFE IMPRIME AZULEJOS;UNICA;3;10,740;32,22; ; ; ;multicolor;FAT_2019_50_0000959.txt;FAT;29/04/2019;3917,72;3850,72;2019 02/OBAG/1143 226714
'109;069;8050846061354;SHOUX000-ECS07-017;BANDOULIÃˆRE EXTRASLIM 110 EN FAUX CUIR EFFET GRIFFE;UNICA;5;8,520;42,60; ; ; ;blu navy;FAT_2019_50_0000959.txt;FAT;29/04/2019;3917,72;3850,72;2019 02/OBAG/1143 226714
'110;051;8050846061316;SHOUX000-ECS07-026;BANDOULIÃˆRE EXTRASLIM 110 EN FAUX CUIR EFFET GRIFFE;UNICA;2;8,520;17,04; ; ; ;cobalto;FAT_2019_50_0000959.txt;FAT;29/04/2019;3917,72;3850,72;2019 02/OBAG/1143 226714
'111;085;8050846080140;SHOUX000-ECS07-119;BANDOULIÃˆRE EXTRASLIM 110 EN FAUX CUIR EFFET GRIFFE;UNICA;2;8,520;17,04; ; ; ;fragola;FAT_2019_50_0000959.txt;FAT;29/04/2019;3917,72;3850,72;2019 02/OBAG/1143 226714
'112;052;8050846061347;SHOUX000-ECS07-224;BANDOULIÃˆRE EXTRASLIM 110 EN FAUX CUIR EFFET GRIFFE;UNICA;2;8,520;17,04; ; ; ;verde inglese;FAT_2019_50_0000959.txt;FAT;29/04/2019;3917,72;3850,72;2019 02/OBAG/1143 226714
'113;039;8050846080164;SHOUX000-ECS07-371;BANDOULIÃˆRE EXTRASLIM 110 EN FAUX CUIR EFFET GRIFFE;UNICA;5;8,520;42,60; ; ; ;latte;FAT_2019_50_0000959.txt;FAT;29/04/2019;3917,72;3850,72;2019 02/OBAG/1143 226714
'114;008;8050846061361;SHOUX000-ECS07-588;BANDOULIÃˆRE EXTRASLIM 110 EN FAUX CUIR EFFET GRIFFE;UNICA;2;8,520;17,04; ; ; ;orchidea;FAT_2019_50_0000959.txt;FAT;29/04/2019;3917,72;3850,72;2019 02/OBAG/1143 226714
