OBAGB002-EVS15   ;page 004   ;04 pieces   ;produit n 1
OBAGB017-EVS15   ;page 005   ;04 pieces   ;produit n 1
OBAGS002-TESE1   ;page 006   ;01 pieces   ;produit n 1
OBAGS002-TESE1   ;page 007   ;01 pieces   ;produit n 1
OSHSD002-EVS15   ;page 008   ;03 pieces   ;produit n 1
OSHSD002-EVS15   ;page 009   ;02 pieces   ;produit n 1
ACCEC007-EVS00   ;page 010   ;14 pieces   ;produit n 1
ACCEC007-EVS00   ;page 011   ;14 pieces   ;produit n 1
OBAGB002-EVS15   ;page 014   ;14 pieces   ;produit n 1
OBAGS001-TES26   ;page 015   ;03 pieces   ;produit n 1
OBAGS001-TESA5   ;page 018   ;02 pieces   ;produit n 1
SHOUWC00-ECS23   ;page 019   ;04 pieces   ;produit n 2
SHOUWC00-ECS49   ;page 020   ;03 pieces   ;produit n 2
OBAGS121-TES74   ;page 024   ;03 pieces   ;produit n 1
OBAGS121-TESD4   ;page 025   ;02 pieces   ;produit n 1
SHOUW300-ECS48   ;page 026   ;01 pieces   ;produit n 1
SHOUW300-ECS23   ;page 026   ;02 pieces   ;produit n 2
SHOUW300-ECS23   ;page 027   ;02 pieces   ;produit n 1
OCLKE013-MAS00   ;page 030   ;08 pieces   ;produit n 1
OCLKSB01-MAS   ;page 031   ;08 pieces   ;produit n 1
OCLKS007-SIS04   ;page 034   ;05 pieces   ;produit n 1
OCLKS007-SIS05   ;page 035   ;05 pieces   ;produit n 1
