CodeBarre;-008-M;p070-1-01;bianco;white;summer 2018 presentation/catalogo summer 2018 continuativo.txt; O bracelet flower slim
CodeBarre;-008-Mcode;p070-1-01;bianco;white;summer 2018 presentation/catalogo summer 2018 continuativo.txt; O bracelet flower slim
CodeBarre;-008-S;p070-1-01;bianco;white;summer 2018 presentation/catalogo summer 2018 continuativo.txt; O bracelet flower slim
CodeBarre;-008-SIS01;p070-1-01;bianco;white;summer 2018 presentation/catalogo summer 2018 continuativo.txt; O bracelet flower slim
CodeBarre;-059-M;p070-1-02;oceano;ocean;summer 2018 presentation/catalogo summer 2018 continuativo.txt; O bracelet flower slim
CodeBarre;-059-Mcode;p070-1-02;oceano;ocean;summer 2018 presentation/catalogo summer 2018 continuativo.txt; O bracelet flower slim
CodeBarre;-059-S;p070-1-02;oceano;ocean;summer 2018 presentation/catalogo summer 2018 continuativo.txt; O bracelet flower slim
CodeBarre;-059-SIS01;p070-1-02;oceano;ocean;summer 2018 presentation/catalogo summer 2018 continuativo.txt; O bracelet flower slim
CodeBarre;-086-M;p070-1-03;tortora;dove-grey;summer 2018 presentation/catalogo summer 2018 continuativo.txt; O bracelet flower slim
CodeBarre;-086-Mcode;p070-1-03;tortora;dove-grey;summer 2018 presentation/catalogo summer 2018 continuativo.txt; O bracelet flower slim
CodeBarre;-086-S;p070-1-03;tortora;dove-grey;summer 2018 presentation/catalogo summer 2018 continuativo.txt; O bracelet flower slim
CodeBarre;-086-SIS01;p070-1-03;tortora;dove-grey;summer 2018 presentation/catalogo summer 2018 continuativo.txt; O bracelet flower slim
CodeBarre;-071-M;p070-1-04;roccia;rock;summer 2018 presentation/catalogo summer 2018 continuativo.txt; O bracelet flower slim
CodeBarre;-071-Mcode;p070-1-04;roccia;rock;summer 2018 presentation/catalogo summer 2018 continuativo.txt; O bracelet flower slim
CodeBarre;-071-S;p070-1-04;roccia;rock;summer 2018 presentation/catalogo summer 2018 continuativo.txt; O bracelet flower slim
CodeBarre;-071-SIS01;p070-1-04;roccia;rock;summer 2018 presentation/catalogo summer 2018 continuativo.txt; O bracelet flower slim
CodeBarre;-055-M;p070-1-05;nero;black;summer 2018 presentation/catalogo summer 2018 continuativo.txt; O bracelet flower slim
CodeBarre;-055-Mcode;p070-1-05;nero;black;summer 2018 presentation/catalogo summer 2018 continuativo.txt; O bracelet flower slim
CodeBarre;-055-S;p070-1-05;nero;black;summer 2018 presentation/catalogo summer 2018 continuativo.txt; O bracelet flower slim
CodeBarre;-055-SIS01;p070-1-05;nero;black;summer 2018 presentation/catalogo summer 2018 continuativo.txt; O bracelet flower slim
